{
        "name": "Subway Surfers",   
        "icon": "//lh3.googleusercontent.com/Ay1J3gIaqrdtV_4uYKynTKejVg8f8QBlycHcmD2h86aJmNBX_LGBMllWpfu_bpnt24E=w300-rw",
        "description_translation": "",
        "description": "DASH as fast as you can! <br>DODGE the oncoming trains! <p>Help Jake, Tricky &amp; Fresh escape from the grumpy Inspector and his dog. </p><p>&#x2605; Grind trains with your cool crew! <br>&#x2605; Colorful and vivid HD graphics! <br>&#x2605; Hoverboard Surfing! <br>&#x2605; Paint powered jetpack! <br>&#x2605; Lightning fast swipe acrobatics! <br>&#x2605; Challenge and help your friends! </p><p>Join the most daring chase! </p><p>A Universal App with HD optimized graphics.</p><p>By Kiloo and Sybo.</p>",
        "description_short": "Help Jake, Tricky &amp; Fresh escape from the grumpy Inspector and his dog!",
        "img": [
            "//lh3.googleusercontent.com/NPJdytiDb-KlrAEBlhU7cM2D7BfS69-TMtJXCjD094tEMpZNst-yXCffobs1ypXSMxgS=h310-rw",
            "//lh3.googleusercontent.com/iHf2Q4QKvFm-KFzY_IKD_FGFEbWp-Df5ZKFOqR4tAaA4wMfY7KWZsF2zI31Na1gC0jbk=h310-rw",
            "//lh3.googleusercontent.com/3aJCUQhmjtYTm4U6cg9_d2sWG--SYPXwgAvmH2M8Et_THwKsI-VbyIexecGPNhKUJ-pD=h310-rw",
            "//lh3.googleusercontent.com/vMnb6Fyc9YSMsWtqylWcsIbPDbK0FQ2zSGOomR1SnpSiH9t8oWle6u9mx_HpR3vXIOSV=h310-rw",
            "//lh3.googleusercontent.com/kBLw93cnhALpTY_MXuGvL-3IiwZnh5nRewlHUndD6hh4GcefyiiMaLv_OuMeV-Jk1LmD=h310-rw",
            "//lh3.googleusercontent.com/23aOiP0rmGcS-RX5ibDv0RE58WCs17koviM3xb0WGUVKdmcHAfIeZ-I-MiuwGojdfgLt=h310-rw",
            "//lh3.googleusercontent.com/_Tam3c32Db1wA5PzN7rE4XO1e3BHMLNQF1_rHsTDvWs1piJg4dULQcAw_NuyVKRLkS8=h310-rw",
            "//lh3.googleusercontent.com/Q1Ctzu2nnxOKb96jv0JbqsM8DGknS032z2yMGyaaSNfoK27UYKo-EtNJra83ADyfw4A=h310-rw",
            "//lh3.googleusercontent.com/M7j_eCLtFswNvtmqeLCoWlsrjTeg6sW1_ADYVBKYssT5sVz31hChObLgH-EhpcDKVKk=h310-rw",
            "//lh3.googleusercontent.com/SQapCJeUa1whYk3p_u-HIWjN_Sy47tUlSHTHk64-BkUa6uExSRap4kwYQQvniNRfw66B=h310-rw",
            "//lh3.googleusercontent.com/5NYUIWVIhOLANu_cKekbcp3qHD1cT31sffU7X5X0yuoSSm4EV4z1GFQPTfdliitz1a0=h310-rw",
            "//lh3.googleusercontent.com/MxWT34lCUMZP-def016u-V3xfw7tfxx4vhnNJoqktAEO-l0pcKOlxccy9o6tLAdq3Ug=h310-rw",
            "//lh3.googleusercontent.com/P54UwAkL2XfKU6rwgVr4UV0qBpoT_OTRljxe8beEgXFmtp81zK6LFBKQ-vOUjtt4VagX=h310-rw",
            "//lh3.googleusercontent.com/hfbADGAr6V_s8s1FrY8eDTxL5NVD3Dv0wZ_EAIJXNk1F3zR5zB09UpGbx0Vw8d-kHA=h310-rw",
            "//lh3.googleusercontent.com/z__ZdEmHCxLXd2HIHNb5xDxiAPJ9nn0Jf48awXiOqO3crDzopXd1vKMoI1psuEF0gQ=h310-rw"
        ],
        "tube": "https://www.youtube.com/embed/fUk_eBKL3q8?ps=play&vq=large&rel=0&autohide=1&showinfo=0&autoplay=1",
        "tube_id": "fUk_eBKL3q8",
        "version_description": "1.64.1:Bug fixes and optimizations1.64.0:Get Ready for the holidays - Festive updates★ The Subway Surfers are celebrating Winter Holiday in the snow★ Explore beautiful ice caves and surf along enchanting toy factories★ Team up with Malik, the polar explorer, and unlock his Tusk Outfit★ Chill out in the Subway with the new Ice Outfit for Elf Tricky★ Dash through the snow on the new frosty Glacier board",
        "category": "GAME_ARCADE",
        "apk_type": 2,
        "price": "0",
        "developer": "Kiloo",
        "developer_id": "5062298237373103345",
        "developer_link": [
            {
                "name": "Visit website",
                "href": "https://www.google.com/url?q=http://www.kiloo.com/support&sa=D&usg=AFQjCNHPPTHk0ESDJcmKNT1YQFWmicWf9w"
            },
            {
                "name": "Email support@kiloo.com",
                "href": "mailto:support@kiloo.com"
            },
            {
                "name": "Privacy Policy",
                "href": "https://www.google.com/url?q=http://kiloo.com/privacy&sa=D&usg=AFQjCNEj3wCe6T-ehD8e35cgybPaMMOqIw"
            }
        ],
        "review_stars": 4.4,
        "review_count": 21652569,
        "install_count1": 500000000,
        "install_count2": 1000000000,
        "content_rating": [
            "Everyone 10+",
            "Fantasy Violence"
        ],
        "interactive_elements": [
            "Digital Purchases"
        ],
        "in_app_products": "$0.99 - $99.99 per item",
        "published": true,
        "updated": "2016-12-01T00:00:00+08:00",
        "version_size": "",
        "version_current_version": "1.64.1",
        "version_requires_android": "4.0 and up"
}